{
    "distCoeffs": [[-0.0983760971601457, 0.5756627271814153, -0.015340741958371734, 0.008833019594993087, -0.8248920530624742]],
     "cameraMatrix": [[1488.122977148064, 0.0, 700.7494835344061], [0.0, 1472.5188321154787, 429.0071883280262], [0.0, 0.0, 1.0]]

}
